global_step,episode,step_in_ep,avg_r_speed,avg_r_orientation,avg_r_lane,avg_r_collision,avg_r_offroad,avg_r_total,speed_kmh
55,2,50,-1.0,0.0,0.0,0.0,0.0,-1.0,0.0
105,2,100,-1.0,0.0,0.0,0.0,0.0,-1.0,0.0
155,2,150,-1.0,0.0,0.0,0.0,0.0,-1.0,0.0
205,2,200,-1.0,0.0,0.0,0.0,0.0,-1.0,0.0
255,2,250,-1.0,0.0,0.0,0.0,0.0,-1.0,0.0
305,2,300,-1.0,0.0,0.0,0.0,0.0,-1.0,0.0
355,2,350,-1.0,0.0,0.0,0.0,0.0,-1.0,0.0
405,2,400,-1.0,0.0,0.0,0.0,0.0,-1.0,0.0
455,2,450,-1.0,0.0,0.0,0.0,0.0,-1.0,0.0
505,2,500,-1.0,0.0,0.0,0.0,0.0,-1.0,0.0
555,2,550,-1.0,0.0,0.0,0.0,0.0,-1.0,0.0
605,2,600,-1.0,0.0,0.0,0.0,0.0,-1.0,0.0
655,2,650,-1.0,0.0,0.0,0.0,0.0,-1.0,0.0
705,2,700,-1.0,0.0,0.0,0.0,0.0,-1.0,0.0
755,2,750,-1.0,0.0,0.0,0.0,0.0,-1.0,0.0
805,2,800,-1.0,0.0,0.0,0.0,0.0,-1.0,0.0
855,2,850,-1.0,0.0,0.0,0.0,0.0,-1.0,0.0
905,2,900,-1.0,0.0,0.0,0.0,0.0,-1.0,0.0
955,2,950,-1.0,0.0,0.0,0.0,0.0,-1.0,0.0
1005,2,1000,-1.0,0.0,0.0,0.0,0.0,-1.0,0.0
1055,2,1050,-1.0,0.0,0.0,0.0,0.0,-1.0,0.0
1105,2,1100,-1.0,0.0,0.0,0.0,0.0,-1.0,0.0
1155,2,1150,-1.0,0.0,0.0,0.0,0.0,-1.0,0.0
1205,2,1200,-1.0,0.0,0.0,0.0,0.0,-1.0,0.0
1255,2,1250,-1.0,0.0,0.0,0.0,0.0,-1.0,0.0
1305,2,1300,-1.0,0.0,0.0,0.0,0.0,-1.0,0.0
1355,2,1350,-1.0,0.0,0.0,0.0,0.0,-1.0,0.0
1405,2,1400,-1.0,0.0,0.0,0.0,0.0,-1.0,0.0
1455,2,1450,-1.0,0.0,0.0,0.0,0.0,-1.0,0.0
1505,2,1500,-1.0,0.0,0.0,0.0,0.0,-1.0,0.0
1555,2,1550,-1.0,0.0,0.0,0.0,0.0,-1.0,0.0
1605,2,1600,-1.0,0.0,0.0,0.0,0.0,-1.0,0.0
1655,2,1650,-1.0,0.0,0.0,0.0,0.0,-1.0,0.0
1705,2,1700,-1.0,0.0,0.0,0.0,0.0,-1.0,0.0
1755,2,1750,-1.0,0.0,0.0,0.0,0.0,-1.0,0.0
1805,2,1800,-1.0,0.0,0.0,0.0,0.0,-1.0,0.0
1855,2,1850,-1.0,0.0,0.0,0.0,0.0,-1.0,0.0
1905,2,1900,-1.0,0.0,0.0,0.0,0.0,-1.0,0.0
1955,2,1950,-1.0,0.0,0.0,0.0,0.0,-1.0,0.0
2005,2,2000,-1.0,0.0,0.0,0.0,0.0,-1.0,0.0
2055,3,50,-1.0,0.0,0.0,0.0,0.0,-1.0,0.0
2105,3,100,-1.0,0.0,0.0,0.0,0.0,-1.0,0.0
2155,3,150,-1.0,0.0,0.0,0.0,0.0,-1.0,0.0
2205,3,200,-1.0,0.0,0.0,0.0,0.0,-1.0,0.0
2255,3,250,-1.0,0.0,0.0,0.0,0.0,-1.0,0.0
2305,3,300,-1.0,0.0,0.0,0.0,0.0,-1.0,0.0
2355,3,350,-1.0,0.0,0.0,0.0,0.0,-1.0,0.0
2405,3,400,-1.0,0.0,0.0,0.0,0.0,-1.0,0.0
2455,3,450,-1.0,0.0,0.0,0.0,0.0,-1.0,0.0
2505,3,500,-1.0,0.0,0.0,0.0,0.0,-1.0,0.0
2555,3,550,-1.0,0.0,0.0,0.0,0.0,-1.0,0.0
2605,3,600,-0.9794,0.0,0.0,0.0,0.0,-0.9794,0.0
2655,3,650,-1.0,0.0,0.0,0.0,0.0,-1.0,0.0
2705,3,700,-0.8965,0.0,0.0,0.0,0.0,-0.8965,0.0
2755,3,750,-0.9795,0.0,0.0,0.0,0.0,-0.9795,0.17
2805,3,800,-1.0,0.0,0.0,0.0,0.0,-1.0,0.0
2855,3,850,-1.0,0.0,0.0,0.0,0.0,-1.0,0.29
2905,3,900,-1.0,0.0,0.0,0.0,0.0,-1.0,0.31
2955,3,950,-1.0,0.0,0.0,0.0,0.0,-1.0,0.0
3005,3,1000,-1.0,0.0,0.0,0.0,0.0,-1.0,0.0
3055,3,1050,-0.9379,0.0,0.0,0.0,0.0,-0.9379,0.76
3105,3,1100,-0.9795,0.0,0.0,0.0,0.0,-0.9795,0.0
3155,3,1150,-1.0,0.0,0.0,0.0,0.0,-1.0,0.0
3205,3,1200,-1.0,0.0,0.0,0.0,0.0,-1.0,0.0
3255,3,1250,-1.0,0.0,0.0,0.0,0.0,-1.0,0.0
3305,3,1300,-1.0,0.0,0.0,0.0,0.0,-1.0,0.0
3355,3,1350,-1.0,0.0,0.0,0.0,0.0,-1.0,0.0
3405,3,1400,-1.0,0.0,0.0,0.0,0.0,-1.0,0.0
3455,3,1450,-1.0,0.0,0.0,0.0,0.0,-1.0,0.0
3505,3,1500,-1.0,0.0,0.0,0.0,0.0,-1.0,0.0
3555,3,1550,-1.0,0.0,0.0,0.0,0.0,-1.0,0.0
3605,3,1600,-1.0,0.0,0.0,0.0,0.0,-1.0,0.0
3655,3,1650,-1.0,0.0,0.0,0.0,0.0,-1.0,0.0
3705,3,1700,-1.0,0.0,0.0,0.0,0.0,-1.0,0.0
3755,3,1750,-1.0,0.0,0.0,0.0,0.0,-1.0,0.0
3805,3,1800,-1.0,0.0,0.0,0.0,0.0,-1.0,0.0
3855,3,1850,-1.0,0.0,0.0,0.0,0.0,-1.0,0.0
3905,3,1900,-1.0,0.0,0.0,0.0,0.0,-1.0,0.0
3955,3,1950,-1.0,0.0,0.0,0.0,0.0,-1.0,0.0
4005,3,2000,-1.0,0.0,0.0,0.0,0.0,-1.0,0.0
4055,4,50,-1.0,0.0,0.0,0.0,0.0,-1.0,0.0
4105,4,100,-1.0,0.0,0.0,0.0,0.0,-1.0,0.0
4155,4,150,-1.0,0.0,0.0,0.0,0.0,-1.0,0.0
4205,4,200,-1.0,0.0,0.0,0.0,0.0,-1.0,0.0
4255,4,250,-1.0,0.0,0.0,0.0,0.0,-1.0,0.0
4305,4,300,-1.0,0.0,0.0,0.0,0.0,-1.0,0.0
4355,4,350,-1.0,0.0,0.0,0.0,0.0,-1.0,0.0
4405,4,400,-1.0,0.0,0.0,0.0,0.0,-1.0,0.0
4455,4,450,-1.0,0.0,0.0,0.0,0.0,-1.0,0.0
4505,4,500,-1.0,0.0,0.0,0.0,0.0,-1.0,0.0
4555,4,550,-1.0,0.0,0.0,0.0,0.0,-1.0,0.0
4605,4,600,-1.0,0.0,0.0,0.0,0.0,-1.0,0.0
4655,4,650,-1.0,0.0,0.0,0.0,0.0,-1.0,0.0
4705,4,700,-1.0,0.0,0.0,0.0,0.0,-1.0,0.0
4755,4,750,-1.0,0.0,0.0,0.0,0.0,-1.0,0.0
4805,4,800,-1.0,0.0,0.0,0.0,0.0,-1.0,0.0
4855,4,850,-1.0,0.0,0.0,0.0,0.0,-1.0,0.0
4905,4,900,-1.0,0.0,0.0,0.0,0.0,-1.0,0.0
4955,4,950,-1.0,0.0,0.0,0.0,0.0,-1.0,0.0
5005,4,1000,-1.0,0.0,0.0,0.0,0.0,-1.0,0.0
5055,4,1050,-1.0,0.0,0.0,0.0,0.0,-1.0,0.0
5105,4,1100,-1.0,0.0,0.0,0.0,0.0,-1.0,0.0
5155,4,1150,-1.0,0.0,0.0,0.0,0.0,-1.0,0.0
5205,4,1200,-1.0,0.0,0.0,0.0,0.0,-1.0,0.0
5255,4,1250,-1.0,0.0,0.0,0.0,0.0,-1.0,0.0
5305,4,1300,-1.0,0.0,0.0,0.0,0.0,-1.0,0.0
5355,4,1350,-1.0,0.0,0.0,0.0,0.0,-1.0,0.0
5405,4,1400,-1.0,0.0,0.0,0.0,0.0,-1.0,0.0
5455,4,1450,-1.0,0.0,0.0,0.0,0.0,-1.0,0.0
5505,4,1500,-1.0,0.0,0.0,0.0,0.0,-1.0,0.0
5555,4,1550,-1.0,0.0,0.0,0.0,0.0,-1.0,0.0
5605,4,1600,-1.0,0.0,0.0,0.0,0.0,-1.0,0.0
5655,4,1650,-1.0,0.0,0.0,0.0,0.0,-1.0,0.0
5705,4,1700,-1.0,0.0,0.0,0.0,0.0,-1.0,0.0
5755,4,1750,-1.0,0.0,0.0,0.0,0.0,-1.0,0.0
5805,4,1800,-1.0,0.0,0.0,0.0,0.0,-1.0,0.0
5855,4,1850,-1.0,0.0,0.0,0.0,0.0,-1.0,0.0
5905,4,1900,-1.0,0.0,0.0,0.0,0.0,-1.0,0.0
5955,4,1950,-1.0,0.0,0.0,0.0,0.0,-1.0,0.0
6005,4,2000,-1.0,0.0,0.0,0.0,0.0,-1.0,0.0
6055,5,50,-1.0,0.0,0.0,0.0,0.0,-1.0,0.0
6105,5,100,-1.0,0.0,0.0,0.0,0.0,-1.0,0.0
6155,5,150,-1.0,0.0,0.0,0.0,0.0,-1.0,0.0
6205,5,200,-1.0,0.0,0.0,0.0,0.0,-1.0,0.0
6255,5,250,-1.0,0.0,0.0,0.0,0.0,-1.0,0.0
6305,5,300,-1.0,0.0,0.0,0.0,0.0,-1.0,0.0
6355,5,350,-1.0,0.0,0.0,0.0,0.0,-1.0,0.0
6405,5,400,-1.0,0.0,0.0,0.0,0.0,-1.0,0.0
6455,5,450,-1.0,0.0,0.0,0.0,0.0,-1.0,0.0
6505,5,500,-1.0,0.0,0.0,0.0,0.0,-1.0,0.0
6555,5,550,-1.0,0.0,0.0,0.0,0.0,-1.0,0.0
6605,5,600,-1.0,0.0,0.0,0.0,0.0,-1.0,0.0
6655,5,650,-1.0,0.0,0.0,0.0,0.0,-1.0,0.0
6705,5,700,-1.0,0.0,0.0,0.0,0.0,-1.0,0.0
6755,5,750,-1.0,0.0,0.0,0.0,0.0,-1.0,0.0
6805,5,800,-1.0,0.0,0.0,0.0,0.0,-1.0,0.0
6855,5,850,-1.0,0.0,0.0,0.0,0.0,-1.0,0.0
6905,5,900,-1.0,0.0,0.0,0.0,0.0,-1.0,0.0
6955,5,950,-1.0,0.0,0.0,0.0,0.0,-1.0,0.0
7005,5,1000,-1.0,0.0,0.0,0.0,0.0,-1.0,0.0
7055,5,1050,-1.0,0.0,0.0,0.0,0.0,-1.0,0.0
7105,5,1100,-1.0,0.0,0.0,0.0,0.0,-1.0,0.0
7155,5,1150,-1.0,0.0,0.0,0.0,0.0,-1.0,0.0
7205,5,1200,-1.0,0.0,0.0,0.0,0.0,-1.0,0.0
7255,5,1250,-1.0,0.0,0.0,0.0,0.0,-1.0,0.0
7305,5,1300,-1.0,0.0,0.0,0.0,0.0,-1.0,0.0
7355,5,1350,-1.0,0.0,0.0,0.0,0.0,-1.0,0.0
7405,5,1400,-1.0,0.0,0.0,0.0,0.0,-1.0,0.0
7455,5,1450,-1.0,0.0,0.0,0.0,0.0,-1.0,0.0
7505,5,1500,-1.0,0.0,0.0,0.0,0.0,-1.0,0.0
7555,5,1550,-1.0,0.0,0.0,0.0,0.0,-1.0,0.0
7605,5,1600,-1.0,0.0,0.0,0.0,0.0,-1.0,0.0
7655,5,1650,-1.0,0.0,0.0,0.0,0.0,-1.0,0.0
7705,5,1700,-1.0,0.0,0.0,0.0,0.0,-1.0,0.0
7755,5,1750,-1.0,0.0,0.0,0.0,0.0,-1.0,0.0
7805,5,1800,-1.0,0.0,0.0,0.0,0.0,-1.0,0.0
7855,5,1850,-1.0,0.0,0.0,0.0,0.0,-1.0,0.0
7905,5,1900,-1.0,0.0,0.0,0.0,0.0,-1.0,0.0
7955,5,1950,-1.0,0.0,0.0,0.0,0.0,-1.0,0.0
8005,5,2000,-1.0,0.0,0.0,0.0,0.0,-1.0,0.0
8055,6,50,-1.0,0.0,0.0,0.0,0.0,-1.0,0.0
8105,6,100,-1.0,0.0,0.0,0.0,0.0,-1.0,0.0
8155,6,150,-1.0,0.0,0.0,0.0,0.0,-1.0,0.0
8205,6,200,-1.0,0.0,0.0,0.0,0.0,-1.0,0.0
8255,6,250,-1.0,0.0,0.0,0.0,0.0,-1.0,0.0
8305,6,300,-1.0,0.0,0.0,0.0,0.0,-1.0,0.0
8355,6,350,-1.0,0.0,0.0,0.0,0.0,-1.0,0.0
8405,6,400,-1.0,0.0,0.0,0.0,0.0,-1.0,0.0
8455,6,450,-1.0,0.0,0.0,0.0,0.0,-1.0,0.0
8505,6,500,-1.0,0.0,0.0,0.0,0.0,-1.0,0.0
8555,6,550,-1.0,0.0,0.0,0.0,0.0,-1.0,0.0
8605,6,600,-1.0,0.0,0.0,0.0,0.0,-1.0,0.0
8655,6,650,-1.0,0.0,0.0,0.0,0.0,-1.0,0.0
8705,6,700,-1.0,0.0,0.0,0.0,0.0,-1.0,0.0
8755,6,750,-1.0,0.0,0.0,0.0,0.0,-1.0,0.0
8805,6,800,-1.0,0.0,0.0,0.0,0.0,-1.0,0.0
8855,6,850,-1.0,0.0,0.0,0.0,0.0,-1.0,0.0
8905,6,900,-1.0,0.0,0.0,0.0,0.0,-1.0,0.0
8955,6,950,-1.0,0.0,0.0,0.0,0.0,-1.0,0.0
9005,6,1000,-1.0,0.0,0.0,0.0,0.0,-1.0,0.0
9055,6,1050,-1.0,0.0,0.0,0.0,0.0,-1.0,0.0
9105,6,1100,-1.0,0.0,0.0,0.0,0.0,-1.0,0.0
9155,6,1150,-1.0,0.0,0.0,0.0,0.0,-1.0,0.0
9205,6,1200,-1.0,0.0,0.0,0.0,0.0,-1.0,0.0
9255,6,1250,-1.0,0.0,0.0,0.0,0.0,-1.0,0.0
9305,6,1300,-1.0,0.0,0.0,0.0,0.0,-1.0,0.0
9355,6,1350,-1.0,0.0,0.0,0.0,0.0,-1.0,0.0
9405,6,1400,-1.0,0.0,0.0,0.0,0.0,-1.0,0.0
9455,6,1450,-1.0,0.0,0.0,0.0,0.0,-1.0,0.0
9505,6,1500,-1.0,0.0,0.0,0.0,0.0,-1.0,0.0
9555,6,1550,-1.0,0.0,0.0,0.0,0.0,-1.0,0.0
9605,6,1600,-1.0,0.0,0.0,0.0,0.0,-1.0,0.0
9655,6,1650,-1.0,0.0,0.0,0.0,0.0,-1.0,0.0
9705,6,1700,-1.0,0.0,0.0,0.0,0.0,-1.0,0.0
9755,6,1750,-1.0,0.0,0.0,0.0,0.0,-1.0,0.0
9805,6,1800,-1.0,0.0,0.0,0.0,0.0,-1.0,0.0
9855,6,1850,-1.0,0.0,0.0,0.0,0.0,-1.0,0.0
9905,6,1900,-1.0,0.0,0.0,0.0,0.0,-1.0,0.0
9955,6,1950,-1.0,0.0,0.0,0.0,0.0,-1.0,0.0
10005,6,2000,-1.0,0.0,0.0,0.0,0.0,-1.0,0.0
10055,7,50,-1.0,0.0,0.0,0.0,0.0,-1.0,0.0
10105,7,100,-1.0,0.0,0.0,0.0,0.0,-1.0,0.0
10155,7,150,-1.0,0.0,0.0,0.0,0.0,-1.0,0.0
10205,7,200,-1.0,0.0,0.0,0.0,0.0,-1.0,0.0
10255,7,250,-1.0,0.0,0.0,0.0,0.0,-1.0,0.0
10305,7,300,-1.0,0.0,0.0,0.0,0.0,-1.0,0.0
10355,7,350,-1.0,0.0,0.0,0.0,0.0,-1.0,0.0
10405,7,400,-1.0,0.0,0.0,0.0,0.0,-1.0,0.0
10455,7,450,-1.0,0.0,0.0,0.0,0.0,-1.0,0.0
10505,7,500,-1.0,0.0,0.0,0.0,0.0,-1.0,0.0
10555,7,550,-1.0,0.0,0.0,0.0,0.0,-1.0,0.0
10605,7,600,-1.0,0.0,0.0,0.0,0.0,-1.0,0.0
10655,7,650,-1.0,0.0,0.0,0.0,0.0,-1.0,0.0
10705,7,700,-1.0,0.0,0.0,0.0,0.0,-1.0,0.0
10755,7,750,-1.0,0.0,0.0,0.0,0.0,-1.0,0.0
10805,7,800,-1.0,0.0,0.0,0.0,0.0,-1.0,0.0
10855,7,850,-1.0,0.0,0.0,0.0,0.0,-1.0,0.0
10905,7,900,-1.0,0.0,0.0,0.0,0.0,-1.0,0.0
10955,7,950,-1.0,0.0,0.0,0.0,0.0,-1.0,0.0
11005,7,1000,-1.0,0.0,0.0,0.0,0.0,-1.0,0.0
11055,7,1050,-1.0,0.0,0.0,0.0,0.0,-1.0,0.0
11105,7,1100,-1.0,0.0,0.0,0.0,0.0,-1.0,0.0
11155,7,1150,-1.0,0.0,0.0,0.0,0.0,-1.0,0.0
11205,7,1200,-1.0,0.0,0.0,0.0,0.0,-1.0,0.0
11255,7,1250,-1.0,0.0,0.0,0.0,0.0,-1.0,0.0
11305,7,1300,-1.0,0.0,0.0,0.0,0.0,-1.0,0.0
11355,7,1350,-1.0,0.0,0.0,0.0,0.0,-1.0,0.0
11405,7,1400,-1.0,0.0,0.0,0.0,0.0,-1.0,0.0
11455,7,1450,-1.0,0.0,0.0,0.0,0.0,-1.0,0.0
11505,7,1500,-1.0,0.0,0.0,0.0,0.0,-1.0,0.0
11555,7,1550,-1.0,0.0,0.0,0.0,0.0,-1.0,0.0
11605,7,1600,-1.0,0.0,0.0,0.0,0.0,-1.0,0.0
11655,7,1650,-1.0,0.0,0.0,0.0,0.0,-1.0,0.0
11705,7,1700,-1.0,0.0,0.0,0.0,0.0,-1.0,0.0
11755,7,1750,-1.0,0.0,0.0,0.0,0.0,-1.0,0.0
11805,7,1800,-1.0,0.0,0.0,0.0,0.0,-1.0,0.0
11855,7,1850,-1.0,0.0,0.0,0.0,0.0,-1.0,0.0
11905,7,1900,-1.0,0.0,0.0,0.0,0.0,-1.0,0.0
11955,7,1950,-1.0,0.0,0.0,0.0,0.0,-1.0,0.0
12005,7,2000,-1.0,0.0,0.0,0.0,0.0,-1.0,0.0
12055,8,50,-1.0,0.0,0.0,0.0,0.0,-1.0,0.0
12105,8,100,-1.0,0.0,0.0,0.0,0.0,-1.0,0.0
12155,8,150,-1.0,0.0,0.0,0.0,0.0,-1.0,0.0
12205,8,200,-1.0,0.0,0.0,0.0,0.0,-1.0,0.0
12255,8,250,-1.0,0.0,0.0,0.0,0.0,-1.0,0.0
12305,8,300,-1.0,0.0,0.0,0.0,0.0,-1.0,0.0
12355,8,350,-1.0,0.0,0.0,0.0,0.0,-1.0,0.0
12405,8,400,-1.0,0.0,0.0,0.0,0.0,-1.0,0.0
12455,8,450,-1.0,0.0,0.0,0.0,0.0,-1.0,0.0
12505,8,500,-1.0,0.0,0.0,0.0,0.0,-1.0,0.0
12555,8,550,-1.0,0.0,0.0,0.0,0.0,-1.0,0.0
12605,8,600,-1.0,0.0,0.0,0.0,0.0,-1.0,0.0
12655,8,650,-1.0,0.0,0.0,0.0,0.0,-1.0,0.0
12705,8,700,-1.0,0.0,0.0,0.0,0.0,-1.0,0.0
12755,8,750,-1.0,0.0,0.0,0.0,0.0,-1.0,0.0
12805,8,800,-1.0,0.0,0.0,0.0,0.0,-1.0,0.0
12855,8,850,-1.0,0.0,0.0,0.0,0.0,-1.0,0.0
12905,8,900,-1.0,0.0,0.0,0.0,0.0,-1.0,0.0
12955,8,950,-1.0,0.0,0.0,0.0,0.0,-1.0,0.0
13005,8,1000,-1.0,0.0,0.0,0.0,0.0,-1.0,0.0
13055,8,1050,-1.0,0.0,0.0,0.0,0.0,-1.0,0.0
13105,8,1100,-1.0,0.0,0.0,0.0,0.0,-1.0,0.0
13155,8,1150,-1.0,0.0,0.0,0.0,0.0,-1.0,0.0
13205,8,1200,-1.0,0.0,0.0,0.0,0.0,-1.0,0.0
13255,8,1250,-1.0,0.0,0.0,0.0,0.0,-1.0,0.0
13305,8,1300,-1.0,0.0,0.0,0.0,0.0,-1.0,0.0
13355,8,1350,-1.0,0.0,0.0,0.0,0.0,-1.0,0.0
13405,8,1400,-1.0,0.0,0.0,0.0,0.0,-1.0,0.0
13455,8,1450,-1.0,0.0,0.0,0.0,0.0,-1.0,0.0
13505,8,1500,-1.0,0.0,0.0,0.0,0.0,-1.0,0.0
13555,8,1550,-1.0,0.0,0.0,0.0,0.0,-1.0,0.0
13605,8,1600,-1.0,0.0,0.0,0.0,0.0,-1.0,0.0
13655,8,1650,-1.0,0.0,0.0,0.0,0.0,-1.0,0.0
13705,8,1700,-1.0,0.0,0.0,0.0,0.0,-1.0,0.0
13755,8,1750,-1.0,0.0,0.0,0.0,0.0,-1.0,0.0
13805,8,1800,-1.0,0.0,0.0,0.0,0.0,-1.0,0.0
13855,8,1850,-1.0,0.0,0.0,0.0,0.0,-1.0,0.0
13905,8,1900,-1.0,0.0,0.0,0.0,0.0,-1.0,0.0
13955,8,1950,-1.0,0.0,0.0,0.0,0.0,-1.0,0.0
14005,8,2000,-1.0,0.0,0.0,0.0,0.0,-1.0,0.0
14055,9,50,-1.0,0.0,0.0,0.0,0.0,-1.0,0.0
14105,9,100,-1.0,0.0,0.0,0.0,0.0,-1.0,0.0
14155,9,150,-1.0,0.0,0.0,0.0,0.0,-1.0,0.0
14205,9,200,-1.0,0.0,0.0,0.0,0.0,-1.0,0.0
14255,9,250,-1.0,0.0,0.0,0.0,0.0,-1.0,0.0
14305,9,300,-1.0,0.0,0.0,0.0,0.0,-1.0,0.0
14355,9,350,-1.0,0.0,0.0,0.0,0.0,-1.0,0.0
14405,9,400,-1.0,0.0,0.0,0.0,0.0,-1.0,0.0
14455,9,450,-1.0,0.0,0.0,0.0,0.0,-1.0,0.0
14505,9,500,-1.0,0.0,0.0,0.0,0.0,-1.0,0.0
14555,9,550,-1.0,0.0,0.0,0.0,0.0,-1.0,0.0
14605,9,600,-1.0,0.0,0.0,0.0,0.0,-1.0,0.0
14655,9,650,-1.0,0.0,0.0,0.0,0.0,-1.0,0.0
14705,9,700,-1.0,0.0,0.0,0.0,0.0,-1.0,0.0
14755,9,750,-1.0,0.0,0.0,0.0,0.0,-1.0,0.0
14805,9,800,-1.0,0.0,0.0,0.0,0.0,-1.0,0.0
14855,9,850,-1.0,0.0,0.0,0.0,0.0,-1.0,0.0
14905,9,900,-1.0,0.0,0.0,0.0,0.0,-1.0,0.0
14955,9,950,-1.0,0.0,0.0,0.0,0.0,-1.0,0.0
15005,9,1000,-1.0,0.0,0.0,0.0,0.0,-1.0,0.0
15055,9,1050,-1.0,0.0,0.0,0.0,0.0,-1.0,0.0
15105,9,1100,-1.0,0.0,0.0,0.0,0.0,-1.0,0.0
15155,9,1150,-1.0,0.0,0.0,0.0,0.0,-1.0,0.0
15205,9,1200,-1.0,0.0,0.0,0.0,0.0,-1.0,0.0
15255,9,1250,-1.0,0.0,0.0,0.0,0.0,-1.0,0.0
15305,9,1300,-1.0,0.0,0.0,0.0,0.0,-1.0,0.0
15355,9,1350,-1.0,0.0,0.0,0.0,0.0,-1.0,0.0
15405,9,1400,-1.0,0.0,0.0,0.0,0.0,-1.0,0.0
15455,9,1450,-1.0,0.0,0.0,0.0,0.0,-1.0,0.0
15505,9,1500,-1.0,0.0,0.0,0.0,0.0,-1.0,0.0
15555,9,1550,-1.0,0.0,0.0,0.0,0.0,-1.0,0.0
15605,9,1600,-1.0,0.0,0.0,0.0,0.0,-1.0,0.0
15655,9,1650,-1.0,0.0,0.0,0.0,0.0,-1.0,0.0
15705,9,1700,-1.0,0.0,0.0,0.0,0.0,-1.0,0.0
15755,9,1750,-1.0,0.0,0.0,0.0,0.0,-1.0,0.0
15805,9,1800,-1.0,0.0,0.0,0.0,0.0,-1.0,0.0
15855,9,1850,-1.0,0.0,0.0,0.0,0.0,-1.0,0.0
15905,9,1900,-1.0,0.0,0.0,0.0,0.0,-1.0,0.0
15955,9,1950,-1.0,0.0,0.0,0.0,0.0,-1.0,0.0
16005,9,2000,-1.0,0.0,0.0,0.0,0.0,-1.0,0.0
16055,10,50,-1.0,0.0,0.0,0.0,0.0,-1.0,0.0
16105,10,100,-1.0,0.0,0.0,0.0,0.0,-1.0,0.0
16155,10,150,-1.0,0.0,0.0,0.0,0.0,-1.0,0.0
16205,10,200,-1.0,0.0,0.0,0.0,0.0,-1.0,0.0
16255,10,250,-1.0,0.0,0.0,0.0,0.0,-1.0,0.0
16305,10,300,-1.0,0.0,0.0,0.0,0.0,-1.0,0.0
16355,10,350,-1.0,0.0,0.0,0.0,0.0,-1.0,0.0
16405,10,400,-1.0,0.0,0.0,0.0,0.0,-1.0,0.0
16455,10,450,-1.0,0.0,0.0,0.0,0.0,-1.0,0.0
16505,10,500,-1.0,0.0,0.0,0.0,0.0,-1.0,0.0
16555,10,550,-1.0,0.0,0.0,0.0,0.0,-1.0,0.0
16605,10,600,-1.0,0.0,0.0,0.0,0.0,-1.0,0.0
16655,10,650,-1.0,0.0,0.0,0.0,0.0,-1.0,0.0
16705,10,700,-1.0,0.0,0.0,0.0,0.0,-1.0,0.0
16755,10,750,-1.0,0.0,0.0,0.0,0.0,-1.0,0.0
16805,10,800,-1.0,0.0,0.0,0.0,0.0,-1.0,0.0
16855,10,850,-1.0,0.0,0.0,0.0,0.0,-1.0,0.0
16905,10,900,-1.0,0.0,0.0,0.0,0.0,-1.0,0.0
16955,10,950,-1.0,0.0,0.0,0.0,0.0,-1.0,0.0
17005,10,1000,-1.0,0.0,0.0,0.0,0.0,-1.0,0.0
17055,10,1050,-1.0,0.0,0.0,0.0,0.0,-1.0,0.0
17105,10,1100,-1.0,0.0,0.0,0.0,0.0,-1.0,0.0
17155,10,1150,-1.0,0.0,0.0,0.0,0.0,-1.0,0.0
17205,10,1200,-1.0,0.0,0.0,0.0,0.0,-1.0,0.0
17255,10,1250,-1.0,0.0,0.0,0.0,0.0,-1.0,0.0
17305,10,1300,-1.0,0.0,0.0,0.0,0.0,-1.0,0.0
17355,10,1350,-1.0,0.0,0.0,0.0,0.0,-1.0,0.0
17405,10,1400,-1.0,0.0,0.0,0.0,0.0,-1.0,0.0
17455,10,1450,-1.0,0.0,0.0,0.0,0.0,-1.0,0.0
17505,10,1500,-1.0,0.0,0.0,0.0,0.0,-1.0,0.0
17555,10,1550,-1.0,0.0,0.0,0.0,0.0,-1.0,0.0
17605,10,1600,-1.0,0.0,0.0,0.0,0.0,-1.0,0.0
17655,10,1650,-1.0,0.0,0.0,0.0,0.0,-1.0,0.0
17705,10,1700,-1.0,0.0,0.0,0.0,0.0,-1.0,0.0
17755,10,1750,-1.0,0.0,0.0,0.0,0.0,-1.0,0.0
17805,10,1800,-1.0,0.0,0.0,0.0,0.0,-1.0,0.0
17855,10,1850,-1.0,0.0,0.0,0.0,0.0,-1.0,0.0
17905,10,1900,-1.0,0.0,0.0,0.0,0.0,-1.0,0.0
17955,10,1950,-1.0,0.0,0.0,0.0,0.0,-1.0,0.0
18005,10,2000,-1.0,0.0,0.0,0.0,0.0,-1.0,0.0
18055,11,50,-1.0,0.0,0.0,0.0,0.0,-1.0,0.0
18105,11,100,-1.0,0.0,0.0,0.0,0.0,-1.0,0.0
18155,11,150,-1.0,0.0,0.0,0.0,0.0,-1.0,0.0
18205,11,200,-1.0,0.0,0.0,0.0,0.0,-1.0,0.0
18255,11,250,-1.0,0.0,0.0,0.0,0.0,-1.0,0.0
18305,11,300,-1.0,0.0,0.0,0.0,0.0,-1.0,0.0
18355,11,350,-1.0,0.0,0.0,0.0,0.0,-1.0,0.0
18405,11,400,-1.0,0.0,0.0,0.0,0.0,-1.0,0.0
18455,11,450,-1.0,0.0,0.0,0.0,0.0,-1.0,0.0
18505,11,500,-1.0,0.0,0.0,0.0,0.0,-1.0,0.0
18555,11,550,-1.0,0.0,0.0,0.0,0.0,-1.0,0.0
18605,11,600,-1.0,0.0,0.0,0.0,0.0,-1.0,0.0
18655,11,650,-1.0,0.0,0.0,0.0,0.0,-1.0,0.0
18705,11,700,-1.0,0.0,0.0,0.0,0.0,-1.0,0.0
18755,11,750,-1.0,0.0,0.0,0.0,0.0,-1.0,0.0
18805,11,800,-1.0,0.0,0.0,0.0,0.0,-1.0,0.0
18855,11,850,-1.0,0.0,0.0,0.0,0.0,-1.0,0.0
18905,11,900,-1.0,0.0,0.0,0.0,0.0,-1.0,0.0
18955,11,950,-1.0,0.0,0.0,0.0,0.0,-1.0,0.0
19005,11,1000,-1.0,0.0,0.0,0.0,0.0,-1.0,0.0
19055,11,1050,-1.0,0.0,0.0,0.0,0.0,-1.0,0.0
19105,11,1100,-1.0,0.0,0.0,0.0,0.0,-1.0,0.0
19155,11,1150,-1.0,0.0,0.0,0.0,0.0,-1.0,0.0
19205,11,1200,-1.0,0.0,0.0,0.0,0.0,-1.0,0.0
19255,11,1250,-1.0,0.0,0.0,0.0,0.0,-1.0,0.0
19305,11,1300,-1.0,0.0,0.0,0.0,0.0,-1.0,0.0
19355,11,1350,-1.0,0.0,0.0,0.0,0.0,-1.0,0.0
19405,11,1400,-1.0,0.0,0.0,0.0,0.0,-1.0,0.0
19455,11,1450,-1.0,0.0,0.0,0.0,0.0,-1.0,0.0
19505,11,1500,-1.0,0.0,0.0,0.0,0.0,-1.0,0.0
19555,11,1550,-1.0,0.0,0.0,0.0,0.0,-1.0,0.0
19605,11,1600,-1.0,0.0,0.0,0.0,0.0,-1.0,0.0
19655,11,1650,-1.0,0.0,0.0,0.0,0.0,-1.0,0.0
19705,11,1700,-1.0,0.0,0.0,0.0,0.0,-1.0,0.0
19755,11,1750,-1.0,0.0,0.0,0.0,0.0,-1.0,0.0
19805,11,1800,-1.0,0.0,0.0,0.0,0.0,-1.0,0.0
19855,11,1850,-1.0,0.0,0.0,0.0,0.0,-1.0,0.0
19905,11,1900,-1.0,0.0,0.0,0.0,0.0,-1.0,0.0
19955,11,1950,-1.0,0.0,0.0,0.0,0.0,-1.0,0.0
20005,11,2000,-1.0,0.0,0.0,0.0,0.0,-1.0,0.0
20055,12,50,-1.0,0.0,0.0,0.0,0.0,-1.0,0.0
20105,12,100,-1.0,0.0,0.0,0.0,0.0,-1.0,0.0
20155,12,150,-1.0,0.0,0.0,0.0,0.0,-1.0,0.0
20205,12,200,-1.0,0.0,0.0,0.0,0.0,-1.0,0.0
20255,12,250,-1.0,0.0,0.0,0.0,0.0,-1.0,0.0
20305,12,300,-1.0,0.0,0.0,0.0,0.0,-1.0,0.0
20355,12,350,-1.0,0.0,0.0,0.0,0.0,-1.0,0.0
20405,12,400,-1.0,0.0,0.0,0.0,0.0,-1.0,0.0
20455,12,450,-1.0,0.0,0.0,0.0,0.0,-1.0,0.0
20505,12,500,-1.0,0.0,0.0,0.0,0.0,-1.0,0.0
20555,12,550,-1.0,0.0,0.0,0.0,0.0,-1.0,0.0
20605,12,600,-1.0,0.0,0.0,0.0,0.0,-1.0,0.0
20655,12,650,-1.0,0.0,0.0,0.0,0.0,-1.0,0.0
20705,12,700,-1.0,0.0,0.0,0.0,0.0,-1.0,0.0
20755,12,750,-1.0,0.0,0.0,0.0,0.0,-1.0,0.0
20805,12,800,-1.0,0.0,0.0,0.0,0.0,-1.0,0.0
20855,12,850,-1.0,0.0,0.0,0.0,0.0,-1.0,0.0
20905,12,900,-1.0,0.0,0.0,0.0,0.0,-1.0,0.0
20955,12,950,-1.0,0.0,0.0,0.0,0.0,-1.0,0.0
21005,12,1000,-1.0,0.0,0.0,0.0,0.0,-1.0,0.0
21055,12,1050,-1.0,0.0,0.0,0.0,0.0,-1.0,0.0
21105,12,1100,-1.0,0.0,0.0,0.0,0.0,-1.0,0.0
21155,12,1150,-1.0,0.0,0.0,0.0,0.0,-1.0,0.0
21205,12,1200,-1.0,0.0,0.0,0.0,0.0,-1.0,0.0
21255,12,1250,-1.0,0.0,0.0,0.0,0.0,-1.0,0.0
21305,12,1300,-1.0,0.0,0.0,0.0,0.0,-1.0,0.0
21355,12,1350,-1.0,0.0,0.0,0.0,0.0,-1.0,0.0
21405,12,1400,-1.0,0.0,0.0,0.0,0.0,-1.0,0.0
21455,12,1450,-1.0,0.0,0.0,0.0,0.0,-1.0,0.0
21505,12,1500,-1.0,0.0,0.0,0.0,0.0,-1.0,0.0
21555,12,1550,-1.0,0.0,0.0,0.0,0.0,-1.0,0.0
21605,12,1600,-1.0,0.0,0.0,0.0,0.0,-1.0,0.0
21655,12,1650,-1.0,0.0,0.0,0.0,0.0,-1.0,0.0
21705,12,1700,-1.0,0.0,0.0,0.0,0.0,-1.0,0.0
21755,12,1750,-1.0,0.0,0.0,0.0,0.0,-1.0,0.0
21805,12,1800,-1.0,0.0,0.0,0.0,0.0,-1.0,0.0
21855,12,1850,-1.0,0.0,0.0,0.0,0.0,-1.0,0.0
21905,12,1900,-1.0,0.0,0.0,0.0,0.0,-1.0,0.0
21955,12,1950,-1.0,0.0,0.0,0.0,0.0,-1.0,0.0
22005,12,2000,-1.0,0.0,0.0,0.0,0.0,-1.0,0.0
22055,13,50,-1.0,0.0,0.0,0.0,0.0,-1.0,0.0
22105,13,100,-1.0,0.0,0.0,0.0,0.0,-1.0,0.0
22155,13,150,-1.0,0.0,0.0,0.0,0.0,-1.0,0.0
22205,13,200,-1.0,0.0,0.0,0.0,0.0,-1.0,0.0
22255,13,250,-1.0,0.0,0.0,0.0,0.0,-1.0,0.0
22305,13,300,-1.0,0.0,0.0,0.0,0.0,-1.0,0.0
22355,13,350,-1.0,0.0,0.0,0.0,0.0,-1.0,0.0
22405,13,400,-1.0,0.0,0.0,0.0,0.0,-1.0,0.0
22455,13,450,-1.0,0.0,0.0,0.0,0.0,-1.0,0.0
22505,13,500,-1.0,0.0,0.0,0.0,0.0,-1.0,0.0
22555,13,550,-1.0,0.0,0.0,0.0,0.0,-1.0,0.0
22605,13,600,-1.0,0.0,0.0,0.0,0.0,-1.0,0.0
22655,13,650,-1.0,0.0,0.0,0.0,0.0,-1.0,0.0
22705,13,700,-1.0,0.0,0.0,0.0,0.0,-1.0,0.0
22755,13,750,-1.0,0.0,0.0,0.0,0.0,-1.0,0.0
22805,13,800,-1.0,0.0,0.0,0.0,0.0,-1.0,0.0
22855,13,850,-1.0,0.0,0.0,0.0,0.0,-1.0,0.0
22905,13,900,-1.0,0.0,0.0,0.0,0.0,-1.0,0.0
22955,13,950,-1.0,0.0,0.0,0.0,0.0,-1.0,0.0
23005,13,1000,-1.0,0.0,0.0,0.0,0.0,-1.0,0.0
23055,13,1050,-1.0,0.0,0.0,0.0,0.0,-1.0,0.0
23105,13,1100,-1.0,0.0,0.0,0.0,0.0,-1.0,0.0
23155,13,1150,-1.0,0.0,0.0,0.0,0.0,-1.0,0.0
23205,13,1200,-1.0,0.0,0.0,0.0,0.0,-1.0,0.0
23255,13,1250,-1.0,0.0,0.0,0.0,0.0,-1.0,0.0
23305,13,1300,-1.0,0.0,0.0,0.0,0.0,-1.0,0.0
23355,13,1350,-1.0,0.0,0.0,0.0,0.0,-1.0,0.0
23405,13,1400,-1.0,0.0,0.0,0.0,0.0,-1.0,0.0
23455,13,1450,-1.0,0.0,0.0,0.0,0.0,-1.0,0.0
23505,13,1500,-1.0,0.0,0.0,0.0,0.0,-1.0,0.0
23555,13,1550,-1.0,0.0,0.0,0.0,0.0,-1.0,0.0
23605,13,1600,-1.0,0.0,0.0,0.0,0.0,-1.0,0.0
23655,13,1650,-1.0,0.0,0.0,0.0,0.0,-1.0,0.0
23705,13,1700,-1.0,0.0,0.0,0.0,0.0,-1.0,0.0
23755,13,1750,-1.0,0.0,0.0,0.0,0.0,-1.0,0.0
23805,13,1800,-1.0,0.0,0.0,0.0,0.0,-1.0,0.0
23855,13,1850,-1.0,0.0,0.0,0.0,0.0,-1.0,0.0
23905,13,1900,-1.0,0.0,0.0,0.0,0.0,-1.0,0.0
23955,13,1950,-1.0,0.0,0.0,0.0,0.0,-1.0,0.0
24005,13,2000,-1.0,0.0,0.0,0.0,0.0,-1.0,0.0
24055,14,50,-1.0,0.0,0.0,0.0,0.0,-1.0,0.0
24105,14,100,-1.0,0.0,0.0,0.0,0.0,-1.0,0.0
24155,14,150,-1.0,0.0,0.0,0.0,0.0,-1.0,0.0
24205,14,200,-1.0,0.0,0.0,0.0,0.0,-1.0,0.0
24255,14,250,-1.0,0.0,0.0,0.0,0.0,-1.0,0.0
24305,14,300,-1.0,0.0,0.0,0.0,0.0,-1.0,0.0
24355,14,350,-1.0,0.0,0.0,0.0,0.0,-1.0,0.0
24405,14,400,-1.0,0.0,0.0,0.0,0.0,-1.0,0.0
24455,14,450,-1.0,0.0,0.0,0.0,0.0,-1.0,0.0
24505,14,500,-1.0,0.0,0.0,0.0,0.0,-1.0,0.0
24555,14,550,-1.0,0.0,0.0,0.0,0.0,-1.0,0.0
24605,14,600,-1.0,0.0,0.0,0.0,0.0,-1.0,0.0
24655,14,650,-1.0,0.0,0.0,0.0,0.0,-1.0,0.0
24705,14,700,-1.0,0.0,0.0,0.0,0.0,-1.0,0.0
24755,14,750,-1.0,0.0,0.0,0.0,0.0,-1.0,0.0
24805,14,800,-1.0,0.0,0.0,0.0,0.0,-1.0,0.0
24855,14,850,-1.0,0.0,0.0,0.0,0.0,-1.0,0.0
24905,14,900,-1.0,0.0,0.0,0.0,0.0,-1.0,0.0
24955,14,950,-1.0,0.0,0.0,0.0,0.0,-1.0,0.0
25005,14,1000,-1.0,0.0,0.0,0.0,0.0,-1.0,0.0
25055,14,1050,-1.0,0.0,0.0,0.0,0.0,-1.0,0.0
25105,14,1100,-1.0,0.0,0.0,0.0,0.0,-1.0,0.0
25155,14,1150,-1.0,0.0,0.0,0.0,0.0,-1.0,0.0
25205,14,1200,-1.0,0.0,0.0,0.0,0.0,-1.0,0.0
25255,14,1250,-1.0,0.0,0.0,0.0,0.0,-1.0,0.0
25305,14,1300,-1.0,0.0,0.0,0.0,0.0,-1.0,0.0
25355,14,1350,-1.0,0.0,0.0,0.0,0.0,-1.0,0.0
25405,14,1400,-1.0,0.0,0.0,0.0,0.0,-1.0,0.0
25455,14,1450,-1.0,0.0,0.0,0.0,0.0,-1.0,0.0
25505,14,1500,-1.0,0.0,0.0,0.0,0.0,-1.0,0.0
25555,14,1550,-1.0,0.0,0.0,0.0,0.0,-1.0,0.0
25605,14,1600,-1.0,0.0,0.0,0.0,0.0,-1.0,0.0
25655,14,1650,-1.0,0.0,0.0,0.0,0.0,-1.0,0.0
25705,14,1700,-1.0,0.0,0.0,0.0,0.0,-1.0,0.0
25755,14,1750,-1.0,0.0,0.0,0.0,0.0,-1.0,0.0
25805,14,1800,-1.0,0.0,0.0,0.0,0.0,-1.0,0.0
25855,14,1850,-1.0,0.0,0.0,0.0,0.0,-1.0,0.0
25905,14,1900,-1.0,0.0,0.0,0.0,0.0,-1.0,0.0
25955,14,1950,-1.0,0.0,0.0,0.0,0.0,-1.0,0.0
26005,14,2000,-1.0,0.0,0.0,0.0,0.0,-1.0,0.0
26055,15,50,-1.0,0.0,0.0,0.0,0.0,-1.0,0.0
26105,15,100,-1.0,0.0,0.0,0.0,0.0,-1.0,0.0
26155,15,150,-1.0,0.0,0.0,0.0,0.0,-1.0,0.0
26205,15,200,-1.0,0.0,0.0,0.0,0.0,-1.0,0.0
26255,15,250,-1.0,0.0,0.0,0.0,0.0,-1.0,0.0
26305,15,300,-1.0,0.0,0.0,0.0,0.0,-1.0,0.0
26355,15,350,-1.0,0.0,0.0,0.0,0.0,-1.0,0.0
26405,15,400,-1.0,0.0,0.0,0.0,0.0,-1.0,0.0
26455,15,450,-1.0,0.0,0.0,0.0,0.0,-1.0,0.0
26505,15,500,-1.0,0.0,0.0,0.0,0.0,-1.0,0.0
26555,15,550,-1.0,0.0,0.0,0.0,0.0,-1.0,0.0
26605,15,600,-1.0,0.0,0.0,0.0,0.0,-1.0,0.0
26655,15,650,-1.0,0.0,0.0,0.0,0.0,-1.0,0.0
26705,15,700,-1.0,0.0,0.0,0.0,0.0,-1.0,0.0
26755,15,750,-1.0,0.0,0.0,0.0,0.0,-1.0,0.0
26805,15,800,-1.0,0.0,0.0,0.0,0.0,-1.0,0.0
26855,15,850,-1.0,0.0,0.0,0.0,0.0,-1.0,0.0
26905,15,900,-1.0,0.0,0.0,0.0,0.0,-1.0,0.0
26955,15,950,-1.0,0.0,0.0,0.0,0.0,-1.0,0.0
27005,15,1000,-1.0,0.0,0.0,0.0,0.0,-1.0,0.0
27055,15,1050,-1.0,0.0,0.0,0.0,0.0,-1.0,0.0
27105,15,1100,-1.0,0.0,0.0,0.0,0.0,-1.0,0.0
27155,15,1150,-1.0,0.0,0.0,0.0,0.0,-1.0,0.0
27205,15,1200,-1.0,0.0,0.0,0.0,0.0,-1.0,0.0
27255,15,1250,-1.0,0.0,0.0,0.0,0.0,-1.0,0.0
27305,15,1300,-1.0,0.0,0.0,0.0,0.0,-1.0,0.0
27355,15,1350,-1.0,0.0,0.0,0.0,0.0,-1.0,0.0
27405,15,1400,-1.0,0.0,0.0,0.0,0.0,-1.0,0.0
27455,15,1450,-1.0,0.0,0.0,0.0,0.0,-1.0,0.0
27505,15,1500,-1.0,0.0,0.0,0.0,0.0,-1.0,0.0
27555,15,1550,-1.0,0.0,0.0,0.0,0.0,-1.0,0.0
27605,15,1600,-1.0,0.0,0.0,0.0,0.0,-1.0,0.0
27655,15,1650,-1.0,0.0,0.0,0.0,0.0,-1.0,0.0
27705,15,1700,-1.0,0.0,0.0,0.0,0.0,-1.0,0.0
27755,15,1750,-1.0,0.0,0.0,0.0,0.0,-1.0,0.0
27805,15,1800,-1.0,0.0,0.0,0.0,0.0,-1.0,0.0
27855,15,1850,-1.0,0.0,0.0,0.0,0.0,-1.0,0.0
27905,15,1900,-1.0,0.0,0.0,0.0,0.0,-1.0,0.0
27955,15,1950,-1.0,0.0,0.0,0.0,0.0,-1.0,0.0
28005,15,2000,-1.0,0.0,0.0,0.0,0.0,-1.0,0.0
28055,16,50,-1.0,0.0,0.0,0.0,0.0,-1.0,0.0
28105,16,100,-1.0,0.0,0.0,0.0,0.0,-1.0,0.0
28155,16,150,-1.0,0.0,0.0,0.0,0.0,-1.0,0.0
28205,16,200,-1.0,0.0,0.0,0.0,0.0,-1.0,0.0
28255,16,250,-1.0,0.0,0.0,0.0,0.0,-1.0,0.0
28305,16,300,-1.0,0.0,0.0,0.0,0.0,-1.0,0.0
28355,16,350,-1.0,0.0,0.0,0.0,0.0,-1.0,0.0
28405,16,400,-1.0,0.0,0.0,0.0,0.0,-1.0,0.0
28455,16,450,-1.0,0.0,0.0,0.0,0.0,-1.0,0.0
28505,16,500,-1.0,0.0,0.0,0.0,0.0,-1.0,0.0
28555,16,550,-1.0,0.0,0.0,0.0,0.0,-1.0,0.0
28605,16,600,-1.0,0.0,0.0,0.0,0.0,-1.0,0.0
28655,16,650,-1.0,0.0,0.0,0.0,0.0,-1.0,0.0
28705,16,700,-1.0,0.0,0.0,0.0,0.0,-1.0,0.0
28755,16,750,-1.0,0.0,0.0,0.0,0.0,-1.0,0.0
28805,16,800,-1.0,0.0,0.0,0.0,0.0,-1.0,0.0
28855,16,850,-1.0,0.0,0.0,0.0,0.0,-1.0,0.0
28905,16,900,-1.0,0.0,0.0,0.0,0.0,-1.0,0.0
28955,16,950,-1.0,0.0,0.0,0.0,0.0,-1.0,0.0
29005,16,1000,-1.0,0.0,0.0,0.0,0.0,-1.0,0.0
29055,16,1050,-1.0,0.0,0.0,0.0,0.0,-1.0,0.0
29105,16,1100,-1.0,0.0,0.0,0.0,0.0,-1.0,0.0
29155,16,1150,-1.0,0.0,0.0,0.0,0.0,-1.0,0.0
29205,16,1200,-1.0,0.0,0.0,0.0,0.0,-1.0,0.0
29255,16,1250,-1.0,0.0,0.0,0.0,0.0,-1.0,0.0
29305,16,1300,-1.0,0.0,0.0,0.0,0.0,-1.0,0.0
29355,16,1350,-1.0,0.0,0.0,0.0,0.0,-1.0,0.0
29405,16,1400,-1.0,0.0,0.0,0.0,0.0,-1.0,0.0
29455,16,1450,-1.0,0.0,0.0,0.0,0.0,-1.0,0.0
29505,16,1500,-1.0,0.0,0.0,0.0,0.0,-1.0,0.0
29555,16,1550,-1.0,0.0,0.0,0.0,0.0,-1.0,0.0
29605,16,1600,-1.0,0.0,0.0,0.0,0.0,-1.0,0.0
29655,16,1650,-1.0,0.0,0.0,0.0,0.0,-1.0,0.0
29705,16,1700,-1.0,0.0,0.0,0.0,0.0,-1.0,0.0
29755,16,1750,-1.0,0.0,0.0,0.0,0.0,-1.0,0.0
29805,16,1800,-1.0,0.0,0.0,0.0,0.0,-1.0,0.0
29855,16,1850,-1.0,0.0,0.0,0.0,0.0,-1.0,0.0
29905,16,1900,-1.0,0.0,0.0,0.0,0.0,-1.0,0.0
29955,16,1950,-1.0,0.0,0.0,0.0,0.0,-1.0,0.0
30005,16,2000,-1.0,0.0,0.0,0.0,0.0,-1.0,0.0
30055,17,50,-1.0,0.0,0.0,0.0,0.0,-1.0,0.0
30105,17,100,-1.0,0.0,0.0,0.0,0.0,-1.0,0.0
30155,17,150,-1.0,0.0,0.0,0.0,0.0,-1.0,0.0
30205,17,200,-1.0,0.0,0.0,0.0,0.0,-1.0,0.0
30255,17,250,-1.0,0.0,0.0,0.0,0.0,-1.0,0.0
30305,17,300,-1.0,0.0,0.0,0.0,0.0,-1.0,0.0
30355,17,350,-1.0,0.0,0.0,0.0,0.0,-1.0,0.0
30405,17,400,-1.0,0.0,0.0,0.0,0.0,-1.0,0.0
30455,17,450,-1.0,0.0,0.0,0.0,0.0,-1.0,0.0
30505,17,500,-1.0,0.0,0.0,0.0,0.0,-1.0,0.0
30555,17,550,-1.0,0.0,0.0,0.0,0.0,-1.0,0.0
30605,17,600,-1.0,0.0,0.0,0.0,0.0,-1.0,0.0
30655,17,650,-1.0,0.0,0.0,0.0,0.0,-1.0,0.0
30705,17,700,-1.0,0.0,0.0,0.0,0.0,-1.0,0.0
30755,17,750,-1.0,0.0,0.0,0.0,0.0,-1.0,0.0
30805,17,800,-1.0,0.0,0.0,0.0,0.0,-1.0,0.0
30855,17,850,-1.0,0.0,0.0,0.0,0.0,-1.0,0.0
30905,17,900,-1.0,0.0,0.0,0.0,0.0,-1.0,0.0
30955,17,950,-1.0,0.0,0.0,0.0,0.0,-1.0,0.0
31005,17,1000,-1.0,0.0,0.0,0.0,0.0,-1.0,0.0
31055,17,1050,-1.0,0.0,0.0,0.0,0.0,-1.0,0.0
31105,17,1100,-1.0,0.0,0.0,0.0,0.0,-1.0,0.0
31155,17,1150,-1.0,0.0,0.0,0.0,0.0,-1.0,0.0
31205,17,1200,-1.0,0.0,0.0,0.0,0.0,-1.0,0.0
31255,17,1250,-1.0,0.0,0.0,0.0,0.0,-1.0,0.0
31305,17,1300,-1.0,0.0,0.0,0.0,0.0,-1.0,0.0
31355,17,1350,-1.0,0.0,0.0,0.0,0.0,-1.0,0.0
31405,17,1400,-1.0,0.0,0.0,0.0,0.0,-1.0,0.0
31455,17,1450,-1.0,0.0,0.0,0.0,0.0,-1.0,0.0
31505,17,1500,-1.0,0.0,0.0,0.0,0.0,-1.0,0.0
31555,17,1550,-1.0,0.0,0.0,0.0,0.0,-1.0,0.0
31605,17,1600,-1.0,0.0,0.0,0.0,0.0,-1.0,0.0
31655,17,1650,-1.0,0.0,0.0,0.0,0.0,-1.0,0.0
31705,17,1700,-1.0,0.0,0.0,0.0,0.0,-1.0,0.0
31755,17,1750,-1.0,0.0,0.0,0.0,0.0,-1.0,0.0
31805,17,1800,-1.0,0.0,0.0,0.0,0.0,-1.0,0.0
31855,17,1850,-1.0,0.0,0.0,0.0,0.0,-1.0,0.0
31905,17,1900,-1.0,0.0,0.0,0.0,0.0,-1.0,0.0
31955,17,1950,-1.0,0.0,0.0,0.0,0.0,-1.0,0.0
32005,17,2000,-1.0,0.0,0.0,0.0,0.0,-1.0,0.0
32055,18,50,-1.0,0.0,0.0,0.0,0.0,-1.0,0.0
32105,18,100,-1.0,0.0,0.0,0.0,0.0,-1.0,0.0
32155,18,150,-1.0,0.0,0.0,0.0,0.0,-1.0,0.0
32205,18,200,-1.0,0.0,0.0,0.0,0.0,-1.0,0.0
32255,18,250,-1.0,0.0,0.0,0.0,0.0,-1.0,0.0
32305,18,300,-1.0,0.0,0.0,0.0,0.0,-1.0,0.0
32355,18,350,-1.0,0.0,0.0,0.0,0.0,-1.0,0.0
32405,18,400,-1.0,0.0,0.0,0.0,0.0,-1.0,0.0
32455,18,450,-1.0,0.0,0.0,0.0,0.0,-1.0,0.0
32505,18,500,-1.0,0.0,0.0,0.0,0.0,-1.0,0.0
32555,18,550,-1.0,0.0,0.0,0.0,0.0,-1.0,0.0
32605,18,600,-1.0,0.0,0.0,0.0,0.0,-1.0,0.0
32655,18,650,-1.0,0.0,0.0,0.0,0.0,-1.0,0.0
32705,18,700,-1.0,0.0,0.0,0.0,0.0,-1.0,0.0
32755,18,750,-1.0,0.0,0.0,0.0,0.0,-1.0,0.0
32805,18,800,-1.0,0.0,0.0,0.0,0.0,-1.0,0.0
32855,18,850,-1.0,0.0,0.0,0.0,0.0,-1.0,0.0
32905,18,900,-1.0,0.0,0.0,0.0,0.0,-1.0,0.0
32955,18,950,-1.0,0.0,0.0,0.0,0.0,-1.0,0.0
33005,18,1000,-1.0,0.0,0.0,0.0,0.0,-1.0,0.0
33055,18,1050,-1.0,0.0,0.0,0.0,0.0,-1.0,0.0
33105,18,1100,-1.0,0.0,0.0,0.0,0.0,-1.0,0.0
33155,18,1150,-1.0,0.0,0.0,0.0,0.0,-1.0,0.0
33205,18,1200,-1.0,0.0,0.0,0.0,0.0,-1.0,0.0
33255,18,1250,-1.0,0.0,0.0,0.0,0.0,-1.0,0.0
33305,18,1300,-1.0,0.0,0.0,0.0,0.0,-1.0,0.0
33355,18,1350,-1.0,0.0,0.0,0.0,0.0,-1.0,0.0
33405,18,1400,-1.0,0.0,0.0,0.0,0.0,-1.0,0.0
33455,18,1450,-1.0,0.0,0.0,0.0,0.0,-1.0,0.0
33505,18,1500,-1.0,0.0,0.0,0.0,0.0,-1.0,0.0
33555,18,1550,-1.0,0.0,0.0,0.0,0.0,-1.0,0.0
33605,18,1600,-1.0,0.0,0.0,0.0,0.0,-1.0,0.0
33655,18,1650,-1.0,0.0,0.0,0.0,0.0,-1.0,0.0
33705,18,1700,-1.0,0.0,0.0,0.0,0.0,-1.0,0.0
33755,18,1750,-1.0,0.0,0.0,0.0,0.0,-1.0,0.0
33805,18,1800,-1.0,0.0,0.0,0.0,0.0,-1.0,0.0
33855,18,1850,-1.0,0.0,0.0,0.0,0.0,-1.0,0.0
33905,18,1900,-1.0,0.0,0.0,0.0,0.0,-1.0,0.0
33955,18,1950,-1.0,0.0,0.0,0.0,0.0,-1.0,0.0
34005,18,2000,-1.0,0.0,0.0,0.0,0.0,-1.0,0.0
34055,19,50,-1.0,0.0,0.0,0.0,0.0,-1.0,0.0
34105,19,100,-1.0,0.0,0.0,0.0,0.0,-1.0,0.0
34155,19,150,-1.0,0.0,0.0,0.0,0.0,-1.0,0.0
34205,19,200,-1.0,0.0,0.0,0.0,0.0,-1.0,0.0
34255,19,250,-1.0,0.0,0.0,0.0,0.0,-1.0,0.0
34305,19,300,-1.0,0.0,0.0,0.0,0.0,-1.0,0.0
34355,19,350,-1.0,0.0,0.0,0.0,0.0,-1.0,0.0
34405,19,400,-1.0,0.0,0.0,0.0,0.0,-1.0,0.0
34455,19,450,-1.0,0.0,0.0,0.0,0.0,-1.0,0.0
34505,19,500,-1.0,0.0,0.0,0.0,0.0,-1.0,0.0
34555,19,550,-1.0,0.0,0.0,0.0,0.0,-1.0,0.0
34605,19,600,-1.0,0.0,0.0,0.0,0.0,-1.0,0.0
34655,19,650,-1.0,0.0,0.0,0.0,0.0,-1.0,0.0
34705,19,700,-1.0,0.0,0.0,0.0,0.0,-1.0,0.0
34755,19,750,-1.0,0.0,0.0,0.0,0.0,-1.0,0.0
34805,19,800,-1.0,0.0,0.0,0.0,0.0,-1.0,0.0
34855,19,850,-1.0,0.0,0.0,0.0,0.0,-1.0,0.0
34905,19,900,-1.0,0.0,0.0,0.0,0.0,-1.0,0.0
34955,19,950,-1.0,0.0,0.0,0.0,0.0,-1.0,0.0
35005,19,1000,-1.0,0.0,0.0,0.0,0.0,-1.0,0.0
35055,19,1050,-1.0,0.0,0.0,0.0,0.0,-1.0,0.0
35105,19,1100,-1.0,0.0,0.0,0.0,0.0,-1.0,0.0
35155,19,1150,-1.0,0.0,0.0,0.0,0.0,-1.0,0.0
35205,19,1200,-1.0,0.0,0.0,0.0,0.0,-1.0,0.0
35255,19,1250,-1.0,0.0,0.0,0.0,0.0,-1.0,0.0
35305,19,1300,-1.0,0.0,0.0,0.0,0.0,-1.0,0.0
35355,19,1350,-1.0,0.0,0.0,0.0,0.0,-1.0,0.0
35405,19,1400,-1.0,0.0,0.0,0.0,0.0,-1.0,0.0
35455,19,1450,-1.0,0.0,0.0,0.0,0.0,-1.0,0.0
35505,19,1500,-1.0,0.0,0.0,0.0,0.0,-1.0,0.0
35555,19,1550,-1.0,0.0,0.0,0.0,0.0,-1.0,0.0
35605,19,1600,-1.0,0.0,0.0,0.0,0.0,-1.0,0.0
35655,19,1650,-1.0,0.0,0.0,0.0,0.0,-1.0,0.0
35705,19,1700,-1.0,0.0,0.0,0.0,0.0,-1.0,0.0
35755,19,1750,-1.0,0.0,0.0,0.0,0.0,-1.0,0.0
35805,19,1800,-1.0,0.0,0.0,0.0,0.0,-1.0,0.0
35855,19,1850,-1.0,0.0,0.0,0.0,0.0,-1.0,0.0
35905,19,1900,-1.0,0.0,0.0,0.0,0.0,-1.0,0.0
35955,19,1950,-1.0,0.0,0.0,0.0,0.0,-1.0,0.0
36005,19,2000,-1.0,0.0,0.0,0.0,0.0,-1.0,0.0
36055,20,50,-1.0,0.0,0.0,0.0,0.0,-1.0,0.0
36105,20,100,-1.0,0.0,0.0,0.0,0.0,-1.0,0.0
36155,20,150,-1.0,0.0,0.0,0.0,0.0,-1.0,0.0
36205,20,200,-1.0,0.0,0.0,0.0,0.0,-1.0,0.0
36255,20,250,-1.0,0.0,0.0,0.0,0.0,-1.0,0.0
36305,20,300,-1.0,0.0,0.0,0.0,0.0,-1.0,0.0
36355,20,350,-1.0,0.0,0.0,0.0,0.0,-1.0,0.0
36405,20,400,-1.0,0.0,0.0,0.0,0.0,-1.0,0.0
36455,20,450,-1.0,0.0,0.0,0.0,0.0,-1.0,0.0
36505,20,500,-1.0,0.0,0.0,0.0,0.0,-1.0,0.0
36555,20,550,-1.0,0.0,0.0,0.0,0.0,-1.0,0.0
36605,20,600,-1.0,0.0,0.0,0.0,0.0,-1.0,0.0
36655,20,650,-1.0,0.0,0.0,0.0,0.0,-1.0,0.0
36705,20,700,-1.0,0.0,0.0,0.0,0.0,-1.0,0.0
36755,20,750,-1.0,0.0,0.0,0.0,0.0,-1.0,0.0
36805,20,800,-1.0,0.0,0.0,0.0,0.0,-1.0,0.0
36855,20,850,-1.0,0.0,0.0,0.0,0.0,-1.0,0.0
36905,20,900,-1.0,0.0,0.0,0.0,0.0,-1.0,0.0
36955,20,950,-1.0,0.0,0.0,0.0,0.0,-1.0,0.0
37005,20,1000,-1.0,0.0,0.0,0.0,0.0,-1.0,0.0
37055,20,1050,-1.0,0.0,0.0,0.0,0.0,-1.0,0.0
37105,20,1100,-1.0,0.0,0.0,0.0,0.0,-1.0,0.0
37155,20,1150,-1.0,0.0,0.0,0.0,0.0,-1.0,0.0
37205,20,1200,-1.0,0.0,0.0,0.0,0.0,-1.0,0.0
37255,20,1250,-1.0,0.0,0.0,0.0,0.0,-1.0,0.0
37305,20,1300,-1.0,0.0,0.0,0.0,0.0,-1.0,0.0
37355,20,1350,-1.0,0.0,0.0,0.0,0.0,-1.0,0.0
37405,20,1400,-1.0,0.0,0.0,0.0,0.0,-1.0,0.0
37455,20,1450,-1.0,0.0,0.0,0.0,0.0,-1.0,0.0
37505,20,1500,-1.0,0.0,0.0,0.0,0.0,-1.0,0.0
37555,20,1550,-1.0,0.0,0.0,0.0,0.0,-1.0,0.0
37605,20,1600,-1.0,0.0,0.0,0.0,0.0,-1.0,0.0
37655,20,1650,-1.0,0.0,0.0,0.0,0.0,-1.0,0.0
37705,20,1700,-1.0,0.0,0.0,0.0,0.0,-1.0,0.0
37755,20,1750,-1.0,0.0,0.0,0.0,0.0,-1.0,0.0
37805,20,1800,-1.0,0.0,0.0,0.0,0.0,-1.0,0.0
37855,20,1850,-1.0,0.0,0.0,0.0,0.0,-1.0,0.0
37905,20,1900,-1.0,0.0,0.0,0.0,0.0,-1.0,0.0
37955,20,1950,-1.0,0.0,0.0,0.0,0.0,-1.0,0.0
38005,20,2000,-1.0,0.0,0.0,0.0,0.0,-1.0,0.0
38055,21,50,-1.0,0.0,0.0,0.0,0.0,-1.0,0.0
38105,21,100,-1.0,0.0,0.0,0.0,0.0,-1.0,0.0
38155,21,150,-1.0,0.0,0.0,0.0,0.0,-1.0,0.0
38205,21,200,-1.0,0.0,0.0,0.0,0.0,-1.0,0.0
38255,21,250,-1.0,0.0,0.0,0.0,0.0,-1.0,0.0
38305,21,300,-1.0,0.0,0.0,0.0,0.0,-1.0,0.0
38355,21,350,-1.0,0.0,0.0,0.0,0.0,-1.0,0.0
38405,21,400,-1.0,0.0,0.0,0.0,0.0,-1.0,0.0
38455,21,450,-1.0,0.0,0.0,0.0,0.0,-1.0,0.0
38505,21,500,-1.0,0.0,0.0,0.0,0.0,-1.0,0.0
38555,21,550,-1.0,0.0,0.0,0.0,0.0,-1.0,0.0
38605,21,600,-1.0,0.0,0.0,0.0,0.0,-1.0,0.0
38655,21,650,-1.0,0.0,0.0,0.0,0.0,-1.0,0.0
38705,21,700,-1.0,0.0,0.0,0.0,0.0,-1.0,0.0
38755,21,750,-1.0,0.0,0.0,0.0,0.0,-1.0,0.0
38805,21,800,-1.0,0.0,0.0,0.0,0.0,-1.0,0.0
38855,21,850,-1.0,0.0,0.0,0.0,0.0,-1.0,0.0
38905,21,900,-1.0,0.0,0.0,0.0,0.0,-1.0,0.0
38955,21,950,-1.0,0.0,0.0,0.0,0.0,-1.0,0.0
39005,21,1000,-1.0,0.0,0.0,0.0,0.0,-1.0,0.0
39055,21,1050,-1.0,0.0,0.0,0.0,0.0,-1.0,0.0
39105,21,1100,-1.0,0.0,0.0,0.0,0.0,-1.0,0.0
39155,21,1150,-1.0,0.0,0.0,0.0,0.0,-1.0,0.0
39205,21,1200,-1.0,0.0,0.0,0.0,0.0,-1.0,0.0
39255,21,1250,-1.0,0.0,0.0,0.0,0.0,-1.0,0.0
39305,21,1300,-1.0,0.0,0.0,0.0,0.0,-1.0,0.0
39355,21,1350,-1.0,0.0,0.0,0.0,0.0,-1.0,0.0
39405,21,1400,-1.0,0.0,0.0,0.0,0.0,-1.0,0.0
39455,21,1450,-1.0,0.0,0.0,0.0,0.0,-1.0,0.0
39505,21,1500,-1.0,0.0,0.0,0.0,0.0,-1.0,0.0
39555,21,1550,-1.0,0.0,0.0,0.0,0.0,-1.0,0.0
39605,21,1600,-1.0,0.0,0.0,0.0,0.0,-1.0,0.0
39655,21,1650,-1.0,0.0,0.0,0.0,0.0,-1.0,0.0
39705,21,1700,-1.0,0.0,0.0,0.0,0.0,-1.0,0.0
39755,21,1750,-1.0,0.0,0.0,0.0,0.0,-1.0,0.0
39805,21,1800,-1.0,0.0,0.0,0.0,0.0,-1.0,0.0
39855,21,1850,-1.0,0.0,0.0,0.0,0.0,-1.0,0.0
39905,21,1900,-1.0,0.0,0.0,0.0,0.0,-1.0,0.0
39955,21,1950,-1.0,0.0,0.0,0.0,0.0,-1.0,0.0
40005,21,2000,-1.0,0.0,0.0,0.0,0.0,-1.0,0.0
40055,22,50,-1.0,0.0,0.0,0.0,0.0,-1.0,0.0
40105,22,100,-1.0,0.0,0.0,0.0,0.0,-1.0,0.0
40155,22,150,-1.0,0.0,0.0,0.0,0.0,-1.0,0.0
40205,22,200,-1.0,0.0,0.0,0.0,0.0,-1.0,0.0
40255,22,250,-1.0,0.0,0.0,0.0,0.0,-1.0,0.0
40305,22,300,-1.0,0.0,0.0,0.0,0.0,-1.0,0.0
40355,22,350,-1.0,0.0,0.0,0.0,0.0,-1.0,0.0
40405,22,400,-1.0,0.0,0.0,0.0,0.0,-1.0,0.0
40455,22,450,-1.0,0.0,0.0,0.0,0.0,-1.0,0.0
40505,22,500,-1.0,0.0,0.0,0.0,0.0,-1.0,0.0
40555,22,550,-1.0,0.0,0.0,0.0,0.0,-1.0,0.0
40605,22,600,-1.0,0.0,0.0,0.0,0.0,-1.0,0.0
40655,22,650,-1.0,0.0,0.0,0.0,0.0,-1.0,0.0
40705,22,700,-1.0,0.0,0.0,0.0,0.0,-1.0,0.0
40755,22,750,-1.0,0.0,0.0,0.0,0.0,-1.0,0.0
40805,22,800,-1.0,0.0,0.0,0.0,0.0,-1.0,0.0
40855,22,850,-1.0,0.0,0.0,0.0,0.0,-1.0,0.0
40905,22,900,-1.0,0.0,0.0,0.0,0.0,-1.0,0.0
40955,22,950,-1.0,0.0,0.0,0.0,0.0,-1.0,0.0
41005,22,1000,-1.0,0.0,0.0,0.0,0.0,-1.0,0.0
41055,22,1050,-1.0,0.0,0.0,0.0,0.0,-1.0,0.0
41105,22,1100,-1.0,0.0,0.0,0.0,0.0,-1.0,0.0
41155,22,1150,-1.0,0.0,0.0,0.0,0.0,-1.0,0.0
41205,22,1200,-1.0,0.0,0.0,0.0,0.0,-1.0,0.0
41255,22,1250,-1.0,0.0,0.0,0.0,0.0,-1.0,0.0
41305,22,1300,-1.0,0.0,0.0,0.0,0.0,-1.0,0.0
41355,22,1350,-1.0,0.0,0.0,0.0,0.0,-1.0,0.0
41405,22,1400,-1.0,0.0,0.0,0.0,0.0,-1.0,0.0
41455,22,1450,-1.0,0.0,0.0,0.0,0.0,-1.0,0.0
41505,22,1500,-1.0,0.0,0.0,0.0,0.0,-1.0,0.0
41555,22,1550,-1.0,0.0,0.0,0.0,0.0,-1.0,0.0
41605,22,1600,-1.0,0.0,0.0,0.0,0.0,-1.0,0.0
41655,22,1650,-1.0,0.0,0.0,0.0,0.0,-1.0,0.0
41705,22,1700,-1.0,0.0,0.0,0.0,0.0,-1.0,0.0
41755,22,1750,-1.0,0.0,0.0,0.0,0.0,-1.0,0.0
41805,22,1800,-1.0,0.0,0.0,0.0,0.0,-1.0,0.0
41855,22,1850,-1.0,0.0,0.0,0.0,0.0,-1.0,0.0
41905,22,1900,-1.0,0.0,0.0,0.0,0.0,-1.0,0.0
41955,22,1950,-1.0,0.0,0.0,0.0,0.0,-1.0,0.0
42005,22,2000,-1.0,0.0,0.0,0.0,0.0,-1.0,0.0
42055,23,50,-1.0,0.0,0.0,0.0,0.0,-1.0,0.0
42105,23,100,-1.0,0.0,0.0,0.0,0.0,-1.0,0.0
42155,23,150,-1.0,0.0,0.0,0.0,0.0,-1.0,0.0
42205,23,200,-1.0,0.0,0.0,0.0,0.0,-1.0,0.0
42255,23,250,-1.0,0.0,0.0,0.0,0.0,-1.0,0.0
42305,23,300,-1.0,0.0,0.0,0.0,0.0,-1.0,0.0
42355,23,350,-1.0,0.0,0.0,0.0,0.0,-1.0,0.0
42405,23,400,-1.0,0.0,0.0,0.0,0.0,-1.0,0.0
42455,23,450,-1.0,0.0,0.0,0.0,0.0,-1.0,0.0
42505,23,500,-1.0,0.0,0.0,0.0,0.0,-1.0,0.0
42555,23,550,-1.0,0.0,0.0,0.0,0.0,-1.0,0.0
42605,23,600,-1.0,0.0,0.0,0.0,0.0,-1.0,0.0
42655,23,650,-1.0,0.0,0.0,0.0,0.0,-1.0,0.0
42705,23,700,-1.0,0.0,0.0,0.0,0.0,-1.0,0.0
42755,23,750,-1.0,0.0,0.0,0.0,0.0,-1.0,0.0
42805,23,800,-1.0,0.0,0.0,0.0,0.0,-1.0,0.0
42855,23,850,-1.0,0.0,0.0,0.0,0.0,-1.0,0.0
42905,23,900,-1.0,0.0,0.0,0.0,0.0,-1.0,0.0
42955,23,950,-1.0,0.0,0.0,0.0,0.0,-1.0,0.0
43005,23,1000,-1.0,0.0,0.0,0.0,0.0,-1.0,0.0
43055,23,1050,-1.0,0.0,0.0,0.0,0.0,-1.0,0.0
43105,23,1100,-1.0,0.0,0.0,0.0,0.0,-1.0,0.0
43155,23,1150,-1.0,0.0,0.0,0.0,0.0,-1.0,0.0
43205,23,1200,-1.0,0.0,0.0,0.0,0.0,-1.0,0.0
43255,23,1250,-1.0,0.0,0.0,0.0,0.0,-1.0,0.0
43305,23,1300,-1.0,0.0,0.0,0.0,0.0,-1.0,0.0
43355,23,1350,-1.0,0.0,0.0,0.0,0.0,-1.0,0.0
43405,23,1400,-1.0,0.0,0.0,0.0,0.0,-1.0,0.0
43455,23,1450,-1.0,0.0,0.0,0.0,0.0,-1.0,0.0
43505,23,1500,-1.0,0.0,0.0,0.0,0.0,-1.0,0.0
43555,23,1550,-1.0,0.0,0.0,0.0,0.0,-1.0,0.0
43605,23,1600,-1.0,0.0,0.0,0.0,0.0,-1.0,0.0
43655,23,1650,-1.0,0.0,0.0,0.0,0.0,-1.0,0.0
43705,23,1700,-1.0,0.0,0.0,0.0,0.0,-1.0,0.0
43755,23,1750,-1.0,0.0,0.0,0.0,0.0,-1.0,0.0
43805,23,1800,-1.0,0.0,0.0,0.0,0.0,-1.0,0.0
43855,23,1850,-1.0,0.0,0.0,0.0,0.0,-1.0,0.0
43905,23,1900,-1.0,0.0,0.0,0.0,0.0,-1.0,0.0
43955,23,1950,-1.0,0.0,0.0,0.0,0.0,-1.0,0.0
44005,23,2000,-1.0,0.0,0.0,0.0,0.0,-1.0,0.0
44055,24,50,-1.0,0.0,0.0,0.0,0.0,-1.0,0.0
44105,24,100,-1.0,0.0,0.0,0.0,0.0,-1.0,0.0
44155,24,150,-1.0,0.0,0.0,0.0,0.0,-1.0,0.0
44205,24,200,-1.0,0.0,0.0,0.0,0.0,-1.0,0.0
44255,24,250,-1.0,0.0,0.0,0.0,0.0,-1.0,0.0
44305,24,300,-1.0,0.0,0.0,0.0,0.0,-1.0,0.0
44355,24,350,-1.0,0.0,0.0,0.0,0.0,-1.0,0.0
44405,24,400,-1.0,0.0,0.0,0.0,0.0,-1.0,0.0
44455,24,450,-1.0,0.0,0.0,0.0,0.0,-1.0,0.0
44505,24,500,-1.0,0.0,0.0,0.0,0.0,-1.0,0.0
44555,24,550,-1.0,0.0,0.0,0.0,0.0,-1.0,0.0
44605,24,600,-1.0,0.0,0.0,0.0,0.0,-1.0,0.0
44655,24,650,-1.0,0.0,0.0,0.0,0.0,-1.0,0.0
44705,24,700,-1.0,0.0,0.0,0.0,0.0,-1.0,0.0
44755,24,750,-1.0,0.0,0.0,0.0,0.0,-1.0,0.0
44805,24,800,-1.0,0.0,0.0,0.0,0.0,-1.0,0.0
44855,24,850,-1.0,0.0,0.0,0.0,0.0,-1.0,0.0
44905,24,900,-1.0,0.0,0.0,0.0,0.0,-1.0,0.0
44955,24,950,-1.0,0.0,0.0,0.0,0.0,-1.0,0.0
45005,24,1000,-1.0,0.0,0.0,0.0,0.0,-1.0,0.0
45055,24,1050,-1.0,0.0,0.0,0.0,0.0,-1.0,0.0
45105,24,1100,-1.0,0.0,0.0,0.0,0.0,-1.0,0.0
45155,24,1150,-1.0,0.0,0.0,0.0,0.0,-1.0,0.0
45205,24,1200,-1.0,0.0,0.0,0.0,0.0,-1.0,0.0
45255,24,1250,-1.0,0.0,0.0,0.0,0.0,-1.0,0.0
45305,24,1300,-1.0,0.0,0.0,0.0,0.0,-1.0,0.0
45355,24,1350,-1.0,0.0,0.0,0.0,0.0,-1.0,0.0
45405,24,1400,-1.0,0.0,0.0,0.0,0.0,-1.0,0.0
45455,24,1450,-1.0,0.0,0.0,0.0,0.0,-1.0,0.0
45505,24,1500,-1.0,0.0,0.0,0.0,0.0,-1.0,0.0
45555,24,1550,-1.0,0.0,0.0,0.0,0.0,-1.0,0.0
45605,24,1600,-1.0,0.0,0.0,0.0,0.0,-1.0,0.0
45655,24,1650,-1.0,0.0,0.0,0.0,0.0,-1.0,0.0
45705,24,1700,-1.0,0.0,0.0,0.0,0.0,-1.0,0.0
45755,24,1750,-1.0,0.0,0.0,0.0,0.0,-1.0,0.0
45805,24,1800,-1.0,0.0,0.0,0.0,0.0,-1.0,0.0
45855,24,1850,-1.0,0.0,0.0,0.0,0.0,-1.0,0.0
45905,24,1900,-1.0,0.0,0.0,0.0,0.0,-1.0,0.0
45955,24,1950,-1.0,0.0,0.0,0.0,0.0,-1.0,0.0
46005,24,2000,-1.0,0.0,0.0,0.0,0.0,-1.0,0.0
46055,25,50,-1.0,0.0,0.0,0.0,0.0,-1.0,0.0
46105,25,100,-1.0,0.0,0.0,0.0,0.0,-1.0,0.0
46155,25,150,-1.0,0.0,0.0,0.0,0.0,-1.0,0.0
46205,25,200,-1.0,0.0,0.0,0.0,0.0,-1.0,0.0
46255,25,250,-1.0,0.0,0.0,0.0,0.0,-1.0,0.0
46305,25,300,-1.0,0.0,0.0,0.0,0.0,-1.0,0.0
46355,25,350,-1.0,0.0,0.0,0.0,0.0,-1.0,0.0
46405,25,400,-1.0,0.0,0.0,0.0,0.0,-1.0,0.0
46455,25,450,-1.0,0.0,0.0,0.0,0.0,-1.0,0.0
46505,25,500,-1.0,0.0,0.0,0.0,0.0,-1.0,0.0
46555,25,550,-1.0,0.0,0.0,0.0,0.0,-1.0,0.0
46605,25,600,-1.0,0.0,0.0,0.0,0.0,-1.0,0.0
46655,25,650,-1.0,0.0,0.0,0.0,0.0,-1.0,0.0
46705,25,700,-1.0,0.0,0.0,0.0,0.0,-1.0,0.0
46755,25,750,-1.0,0.0,0.0,0.0,0.0,-1.0,0.0
46805,25,800,-1.0,0.0,0.0,0.0,0.0,-1.0,0.0
46855,25,850,-1.0,0.0,0.0,0.0,0.0,-1.0,0.0
46905,25,900,-1.0,0.0,0.0,0.0,0.0,-1.0,0.0
46955,25,950,-1.0,0.0,0.0,0.0,0.0,-1.0,0.0
47005,25,1000,-1.0,0.0,0.0,0.0,0.0,-1.0,0.0
47055,25,1050,-1.0,0.0,0.0,0.0,0.0,-1.0,0.0
47105,25,1100,-1.0,0.0,0.0,0.0,0.0,-1.0,0.0
47155,25,1150,-1.0,0.0,0.0,0.0,0.0,-1.0,0.0
47205,25,1200,-1.0,0.0,0.0,0.0,0.0,-1.0,0.0
47255,25,1250,-1.0,0.0,0.0,0.0,0.0,-1.0,0.0
47305,25,1300,-1.0,0.0,0.0,0.0,0.0,-1.0,0.0
47355,25,1350,-1.0,0.0,0.0,0.0,0.0,-1.0,0.0
47405,25,1400,-1.0,0.0,0.0,0.0,0.0,-1.0,0.0
47455,25,1450,-1.0,0.0,0.0,0.0,0.0,-1.0,0.0
47505,25,1500,-1.0,0.0,0.0,0.0,0.0,-1.0,0.0
47555,25,1550,-1.0,0.0,0.0,0.0,0.0,-1.0,0.0
47605,25,1600,-1.0,0.0,0.0,0.0,0.0,-1.0,0.0
47655,25,1650,-1.0,0.0,0.0,0.0,0.0,-1.0,0.0
47705,25,1700,-1.0,0.0,0.0,0.0,0.0,-1.0,0.0
47755,25,1750,-1.0,0.0,0.0,0.0,0.0,-1.0,0.0
47805,25,1800,-1.0,0.0,0.0,0.0,0.0,-1.0,0.0
47855,25,1850,-1.0,0.0,0.0,0.0,0.0,-1.0,0.0
47905,25,1900,-1.0,0.0,0.0,0.0,0.0,-1.0,0.0
47955,25,1950,-1.0,0.0,0.0,0.0,0.0,-1.0,0.0
48005,25,2000,-1.0,0.0,0.0,0.0,0.0,-1.0,0.0
48055,26,50,-1.0,0.0,0.0,0.0,0.0,-1.0,0.0
48105,26,100,-1.0,0.0,0.0,0.0,0.0,-1.0,0.0
48155,26,150,-1.0,0.0,0.0,0.0,0.0,-1.0,0.0
48205,26,200,-1.0,0.0,0.0,0.0,0.0,-1.0,0.0
48255,26,250,-1.0,0.0,0.0,0.0,0.0,-1.0,0.0
48305,26,300,-1.0,0.0,0.0,0.0,0.0,-1.0,0.0
48355,26,350,-1.0,0.0,0.0,0.0,0.0,-1.0,0.0
48405,26,400,-1.0,0.0,0.0,0.0,0.0,-1.0,0.0
48455,26,450,-1.0,0.0,0.0,0.0,0.0,-1.0,0.0
48505,26,500,-1.0,0.0,0.0,0.0,0.0,-1.0,0.0
48555,26,550,-1.0,0.0,0.0,0.0,0.0,-1.0,0.0
48605,26,600,-1.0,0.0,0.0,0.0,0.0,-1.0,0.0
48655,26,650,-1.0,0.0,0.0,0.0,0.0,-1.0,0.0
48705,26,700,-1.0,0.0,0.0,0.0,0.0,-1.0,0.0
48755,26,750,-1.0,0.0,0.0,0.0,0.0,-1.0,0.0
48805,26,800,-1.0,0.0,0.0,0.0,0.0,-1.0,0.0
48855,26,850,-1.0,0.0,0.0,0.0,0.0,-1.0,0.0
48905,26,900,-1.0,0.0,0.0,0.0,0.0,-1.0,0.0
48955,26,950,-1.0,0.0,0.0,0.0,0.0,-1.0,0.0
49005,26,1000,-1.0,0.0,0.0,0.0,0.0,-1.0,0.0
49055,26,1050,-1.0,0.0,0.0,0.0,0.0,-1.0,0.0
49105,26,1100,-1.0,0.0,0.0,0.0,0.0,-1.0,0.0
49155,26,1150,-1.0,0.0,0.0,0.0,0.0,-1.0,0.0
49205,26,1200,-1.0,0.0,0.0,0.0,0.0,-1.0,0.0
49255,26,1250,-1.0,0.0,0.0,0.0,0.0,-1.0,0.0
49305,26,1300,-1.0,0.0,0.0,0.0,0.0,-1.0,0.0
49355,26,1350,-1.0,0.0,0.0,0.0,0.0,-1.0,0.0
49405,26,1400,-1.0,0.0,0.0,0.0,0.0,-1.0,0.0
49455,26,1450,-1.0,0.0,0.0,0.0,0.0,-1.0,0.0
49505,26,1500,-1.0,0.0,0.0,0.0,0.0,-1.0,0.0
49555,26,1550,-1.0,0.0,0.0,0.0,0.0,-1.0,0.0
49605,26,1600,-1.0,0.0,0.0,0.0,0.0,-1.0,0.0
49655,26,1650,-1.0,0.0,0.0,0.0,0.0,-1.0,0.0
49705,26,1700,-1.0,0.0,0.0,0.0,0.0,-1.0,0.0
49755,26,1750,-1.0,0.0,0.0,0.0,0.0,-1.0,0.0
49805,26,1800,-1.0,0.0,0.0,0.0,0.0,-1.0,0.0
49855,26,1850,-1.0,0.0,0.0,0.0,0.0,-1.0,0.0
49905,26,1900,-1.0,0.0,0.0,0.0,0.0,-1.0,0.0
49955,26,1950,-1.0,0.0,0.0,0.0,0.0,-1.0,0.0
50005,26,2000,-1.0,0.0,0.0,0.0,0.0,-1.0,0.0
50055,27,50,-1.0,0.0,0.0,0.0,0.0,-1.0,0.0
50105,27,100,-1.0,0.0,0.0,0.0,0.0,-1.0,0.0
50155,27,150,-1.0,0.0,0.0,0.0,0.0,-1.0,0.0
50205,27,200,-1.0,0.0,0.0,0.0,0.0,-1.0,0.0
50255,27,250,-1.0,0.0,0.0,0.0,0.0,-1.0,0.0
50305,27,300,-1.0,0.0,0.0,0.0,0.0,-1.0,0.0
50355,27,350,-1.0,0.0,0.0,0.0,0.0,-1.0,0.0
50405,27,400,-1.0,0.0,0.0,0.0,0.0,-1.0,0.0
50455,27,450,-1.0,0.0,0.0,0.0,0.0,-1.0,0.0
50505,27,500,-1.0,0.0,0.0,0.0,0.0,-1.0,0.0
50555,27,550,-1.0,0.0,0.0,0.0,0.0,-1.0,0.0
50605,27,600,-1.0,0.0,0.0,0.0,0.0,-1.0,0.0
50655,27,650,-1.0,0.0,0.0,0.0,0.0,-1.0,0.0
50705,27,700,-1.0,0.0,0.0,0.0,0.0,-1.0,0.0
50755,27,750,-1.0,0.0,0.0,0.0,0.0,-1.0,0.0
50805,27,800,-1.0,0.0,0.0,0.0,0.0,-1.0,0.0
50855,27,850,-1.0,0.0,0.0,0.0,0.0,-1.0,0.0
50905,27,900,-1.0,0.0,0.0,0.0,0.0,-1.0,0.0
50955,27,950,-1.0,0.0,0.0,0.0,0.0,-1.0,0.0
51005,27,1000,-1.0,0.0,0.0,0.0,0.0,-1.0,0.0
51055,27,1050,-1.0,0.0,0.0,0.0,0.0,-1.0,0.0
51105,27,1100,-1.0,0.0,0.0,0.0,0.0,-1.0,0.0
51155,27,1150,-1.0,0.0,0.0,0.0,0.0,-1.0,0.0
51205,27,1200,-1.0,0.0,0.0,0.0,0.0,-1.0,0.0
51255,27,1250,-1.0,0.0,0.0,0.0,0.0,-1.0,0.0
51305,27,1300,-1.0,0.0,0.0,0.0,0.0,-1.0,0.0
51355,27,1350,-1.0,0.0,0.0,0.0,0.0,-1.0,0.0
51405,27,1400,-1.0,0.0,0.0,0.0,0.0,-1.0,0.0
51455,27,1450,-1.0,0.0,0.0,0.0,0.0,-1.0,0.0
51505,27,1500,-1.0,0.0,0.0,0.0,0.0,-1.0,0.0
51555,27,1550,-1.0,0.0,0.0,0.0,0.0,-1.0,0.0
51605,27,1600,-1.0,0.0,0.0,0.0,0.0,-1.0,0.0
51655,27,1650,-1.0,0.0,0.0,0.0,0.0,-1.0,0.0
51705,27,1700,-1.0,0.0,0.0,0.0,0.0,-1.0,0.0
51755,27,1750,-1.0,0.0,0.0,0.0,0.0,-1.0,0.0
51805,27,1800,-1.0,0.0,0.0,0.0,0.0,-1.0,0.0
51855,27,1850,-1.0,0.0,0.0,0.0,0.0,-1.0,0.0
51905,27,1900,-1.0,0.0,0.0,0.0,0.0,-1.0,0.0
51955,27,1950,-1.0,0.0,0.0,0.0,0.0,-1.0,0.0
52005,27,2000,-1.0,0.0,0.0,0.0,0.0,-1.0,0.0
52055,28,50,-1.0,0.0,0.0,0.0,0.0,-1.0,0.0
52105,28,100,-1.0,0.0,0.0,0.0,0.0,-1.0,0.0
52155,28,150,-1.0,0.0,0.0,0.0,0.0,-1.0,0.0
52205,28,200,-1.0,0.0,0.0,0.0,0.0,-1.0,0.0
52255,28,250,-1.0,0.0,0.0,0.0,0.0,-1.0,0.0
52305,28,300,-1.0,0.0,0.0,0.0,0.0,-1.0,0.0
52355,28,350,-1.0,0.0,0.0,0.0,0.0,-1.0,0.0
52405,28,400,-1.0,0.0,0.0,0.0,0.0,-1.0,0.0
52455,28,450,-1.0,0.0,0.0,0.0,0.0,-1.0,0.0
52505,28,500,-1.0,0.0,0.0,0.0,0.0,-1.0,0.0
52555,28,550,-1.0,0.0,0.0,0.0,0.0,-1.0,0.0
52605,28,600,-1.0,0.0,0.0,0.0,0.0,-1.0,0.0
52655,28,650,-1.0,0.0,0.0,0.0,0.0,-1.0,0.0
52705,28,700,-1.0,0.0,0.0,0.0,0.0,-1.0,0.0
52755,28,750,-1.0,0.0,0.0,0.0,0.0,-1.0,0.0
52805,28,800,-1.0,0.0,0.0,0.0,0.0,-1.0,0.0
52855,28,850,-1.0,0.0,0.0,0.0,0.0,-1.0,0.0
